{
  "roc_auc": 0.9802,
  "precision": 0.8617,
  "recall": 0.8265,
  "f1": 0.8438,
  "total_trained": 284807,
  "fraud_trained": 492,
  "confusion_matrix": [
    [
      56851,
      13
    ],
    [
      17,
      81
    ]
  ],
  "feature_importances": {
    "V1": 0.012441440485417843,
    "V2": 0.008350424468517303,
    "V3": 0.012207618914544582,
    "V4": 0.07009108364582062,
    "V5": 0.011464826762676239,
    "V6": 0.011385167948901653,
    "V7": 0.019799362868070602,
    "V8": 0.02078985422849655,
    "V9": 0.008487815037369728,
    "V10": 0.1742643117904663,
    "V11": 0.015660183504223824,
    "V12": 0.02850528433918953,
    "V13": 0.017476368695497513,
    "V14": 0.37245994806289673,
    "V15": 0.013287458568811417,
    "V16": 0.010041443631052971,
    "V17": 0.015204903669655323,
    "V18": 0.011167721822857857,
    "V19": 0.01935790665447712,
    "V20": 0.0381658710539341,
    "V21": 0.012095721438527107,
    "V22": 0.010787662118673325,
    "V23": 0.009541950188577175,
    "V24": 0.004608714487403631,
    "V25": 0.008929282426834106,
    "V26": 0.016090329736471176,
    "V27": 0.007686701137572527,
    "V28": 0.010696697980165482,
    "Amount": 0.021009529009461403,
    "Time": 0.007944483309984207
  }
}